{"giorgio": {"Level1": [2.317800998687744, "Accuracy: 17.0%", 96], "Level2": [26.104539155960083, "Accuracy: 100.0%", 29], "Level3": [26.992094039916992, "Accuracy: 0.0%", 13]}, "bizio": {"Level1": [2.818392753601074, "Accuracy: 0.0%", 3], "Level2": [2.818392753601074, "Accuracy: 0.0%", 1], "Level3": [1000, 0, 0]}}