{"BIZIO": {"Level1": [7.067170858383179, "4", 2], "Level2": [1000, 0, 0], "Level3": [1000, 0, 0]}, "Giorgio": {"Level1": [7.210780143737793, "4", 2], "Level2": [20.902529001235962, "4", 2], "Level3": [34.36425495147705, "4", 2]}, "Belen": {"Level1": [8.841211080551147, "4", 4], "Level2": [55.084177017211914, "3", 2], "Level3": [74.78579115867615, "4", 2]}, "Andrea": {"Level1": [7.713609933853149, "4", 1], "Level2": [1000, 0, 0], "Level3": [1000, 0, 0]}, "Armen": {"Level1": [5.7511420249938965, "3", 1], "Level2": [20.84078288078308, "4", 1], "Level3": [52.97991490364075, "4", 2]}}