{"Giorgio": {"Level1": [9.758564949035645, "Accuracy: 100.0%", 97], "Level2": [33.93402314186096, "Accuracy: 95.0%", 30], "Level3": [26.992094039916992, "Accuracy: 0.0%", 13]}, "bizio": {"Level1": [2.818392753601074, "Accuracy: 0.0%", 3], "Level2": [2.818392753601074, "Accuracy: 0.0%", 1], "Level3": [1000, 0, 0]}}