{"BIZIO": {"Level1": [7.067170858383179, "4", 2], "Level2": [1000, 0, 0], "Level3": [1000, 0, 0]}, "Giorgio": {"Level1": [7.8738439083099365, "4", 12], "Level2": [60.10584497451782, "4", 6], "Level3": [134.35522890090942, "3", 5]}, "Belen": {"Level1": [8.841211080551147, "4", 4], "Level2": [55.084177017211914, "3", 2], "Level3": [74.78579115867615, "4", 2]}, "Andrea": {"Level1": [7.713609933853149, "4", 1], "Level2": [1000, 0, 0], "Level3": [1000, 0, 0]}, "Armen": {"Level1": [5.7511420249938965, "3", 1], "Level2": [20.84078288078308, "4", 1], "Level3": [52.97991490364075, "4", 2]}, "Federico": {"Level1": [11.335215330123901, "4", 2], "Level2": [25.237192392349243, "4", 2], "Level3": [37.512659311294556, "4", 3]}, "ESADE": {"Level1": [8.342246294021606, "3", 1], "Level2": [38.489341020584106, "3", 1], "Level3": [52.902300119400024, "4", 1]}, "Test": {"Level1": [7.618842124938965, "4", 1], "Level2": [34.11700510978699, "4", 1], "Level3": [52.046411991119385, "4", 1]}}