{"Giorgio": {"Level1": [7.199396848678589, 0.16, 110], "Level2": [40.300196170806885, 96.0, 35], "Level3": [26.992094039916992, 0.0, 13]}, "bizio": {"Level1": [2.818392753601074, 0.0, 3], "Level2": [2.818392753601074, 0.0, 1], "Level3": [1000, 0, 0]}}